student,house,day,loyalty,courage,ambition,intelligence,,
fred,gryffindor,tuesday,3,9,3,1,,
ron,gryffindor,tuesday,8,9,8,8,,
fred,gryffindor,friday,2,9,9,7,,
hermione,gryffindor,tuesday,2,9,1,10,,
ginny,gryffindor,thursday,2,7,2,7,,
fred,gryffindor,wednesday,6,9,5,5,,
ginny,gryffindor,wednesday,2,8,6,9,,
harry,gryffindor,tuesday,0,9,2,8,,
hermione,gryffindor,wednesday,1,10,0,7,,
harry,gryffindor,thursday,7,10,3,3,,
ron,gryffindor,monday,4,8,5,3,,
ron,gryffindor,thursday,2,9,2,1,,
fred,gryffindor,thursday,10,8,7,3,,
harry,gryffindor,monday,1,10,5,10,,
ginny,gryffindor,friday,8,8,10,5,,
hermione,gryffindor,thursday,8,10,2,8,,
fred,gryffindor,monday,7,8,1,4,,
ginny,gryffindor,tuesday,8,8,3,2,,
harry,gryffindor,wednesday,9,10,7,5,,
hermione,gryffindor,monday,6,10,8,1,,
ron,gryffindor,wednesday,7,9,3,9,,
ginny,gryffindor,monday,3,8,0,3,,
harry,gryffindor,friday,7,9,8,6,,
hermione,gryffindor,friday,3,10,9,4,,
ron,gryffindor,friday,0,9,10,3,,
hannah,hufflepuff,tuesday,7,3,3,9,,
susan,hufflepuff,tuesday,10,1,7,3,,
cedric,hufflepuff,friday,8,7,4,8,,
susan,hufflepuff,friday,9,2,2,1,,
hannah,hufflepuff,monday,7,2,7,2,,
justin,hufflepuff,wednesday,8,0,8,3,,
susan,hufflepuff,wednesday,9,8,0,7,,
zacharias,hufflepuff,tuesday,7,2,1,4,,
cedric,hufflepuff,thursday,9,3,1,0,,
hannah,hufflepuff,friday,8,8,2,8,,
justin,hufflepuff,thursday,9,7,3,4,,
zacharias,hufflepuff,wednesday,8,7,9,8,,
cedric,hufflepuff,wednesday,9,6,5,3,,
justin,hufflepuff,friday,9,1,10,5,,
zacharias,hufflepuff,monday,7,4,3,4,,
hannah,hufflepuff,wednesday,8,2,9,3,,
cedric,hufflepuff,tuesday,8,10,3,5,,
justin,hufflepuff,tuesday,9,9,5,8,,
justin,hufflepuff,monday,8,7,6,9,,
susan,hufflepuff,thursday,9,6,1,8,,
zacharias,hufflepuff,friday,8,8,8,0,,
cedric,hufflepuff,monday,9,2,7,1,,
susan,hufflepuff,monday,9,3,4,10,,
hannah,hufflepuff,thursday,7,8,5,7,,
zacharias,hufflepuff,thursday,7,0,3,10,,
luna,ravenclaw,monday,8,3,2,10,,
terry,ravenclaw,monday,3,10,10,9,,
luna,ravenclaw,thursday,10,5,5,10,,
michael,ravenclaw,wednesday,7,3,0,8,,
anthony,ravenclaw,thursday,7,1,9,8,,
cho,ravenclaw,friday,7,2,2,9,,
cho,ravenclaw,wednesday,9,3,6,9,,
michael,ravenclaw,friday,2,1,1,8,,
terry,ravenclaw,thursday,1,4,2,9,,
anthony,ravenclaw,tuesday,1,0,3,8,,
cho,ravenclaw,thursday,3,9,0,8,,
michael,ravenclaw,monday,4,10,9,9,,
terry,ravenclaw,friday,3,4,5,9,,
anthony,ravenclaw,wednesday,5,3,5,8,,
michael,ravenclaw,thursday,1,8,8,8,,
anthony,ravenclaw,friday,4,8,1,8,,
luna,ravenclaw,friday,6,9,8,9,,
luna,ravenclaw,tuesday,3,4,3,9,,
terry,ravenclaw,wednesday,9,8,3,9,,
cho,ravenclaw,monday,5,7,10,9,,
cho,ravenclaw,tuesday,2,8,3,9,,
michael,ravenclaw,tuesday,0,7,2,8,,
terry,ravenclaw,tuesday,8,0,8,9,,
luna,ravenclaw,wednesday,5,8,7,10,,
anthony,ravenclaw,monday,3,5,7,8,,
marcus,slytherin,thursday,9,3,9,3,,
pansy,slytherin,wednesday,3,7,8,1,,
draco,slytherin,friday,8,4,9,7,,
pansy,slytherin,friday,1,2,8,2,,
marcus,slytherin,friday,2,7,8,2,,
millicent,slytherin,monday,3,8,9,0,,
pansy,slytherin,tuesday,7,0,9,8,,
vincent,slytherin,thursday,4,1,7,2,,
draco,slytherin,tuesday,0,1,10,3,,
marcus,slytherin,tuesday,8,2,8,8,,
millicent,slytherin,tuesday,4,3,9,7,,
vincent,slytherin,wednesday,8,9,8,7,,
draco,slytherin,wednesday,3,5,10,6,,
millicent,slytherin,thursday,5,10,9,1,,
vincent,slytherin,friday,4,3,7,4,,
marcus,slytherin,wednesday,3,9,9,2,,
draco,slytherin,monday,5,3,9,10,,
millicent,slytherin,wednesday,8,5,9,9,,
millicent,slytherin,friday,9,6,9,7,,
pansy,slytherin,thursday,8,1,8,6,,
vincent,slytherin,tuesday,0,8,7,8,,
draco,slytherin,thursday,1,7,10,2,,
pansy,slytherin,monday,10,4,7,3,,
marcus,slytherin,monday,7,5,9,8,,
vincent,slytherin,monday,10,3,8,0,,